{
  "family": "balances-mngr-dt",
  "requiresCompatibilities": ["FARGATE"],
  "cpu": "512",
  "memory": "1024",
  "networkMode": "awsvpc",
  "taskRoleArn": "arn:aws:iam::875096530931:role/balances-mngr-dt-ecs-role",
  "executionRoleArn": "arn:aws:iam::875096530931:role/balances-mngr-dt-ecs-role",
  "containerDefinitions": [
    {
      "portMappings": [
        {
          "protocol": "tcp",
          "containerPort": 9050
        }
      ],
      "cpu": 512,
      "environment": [
        {
          "name": "CERTIFICATE_BALANCES_ENDPOINT",
          "value": "http://transit-proxy.labdigitalbdbtvs.com:3590/accounts/product/CertificateBalancesInquiry"
        },
        {
          "name": "CERTIFICATE_BANBTA",
          "value": "Bus/AperturaDigital.banbta.net.pem"
        },
        {
          "name": "CERTIFICATE_BUCKET_NAME",
          "value": "prod-certificates-tvs-s3"
        },
        {
          "name": "CIRCUIT_BREAKER_OPTIONS",
          "value": "{\"volumeThreshold\": 80, \"errorThresholdPercentage\": 40, \"rollingCountTimeout\": 180000, \"rollingCountBuckets\": 10, \"resetTimeout\": 480000, \"timeout\": 26000}"
        },
        {
          "name": "CLOUD_LOGS",
          "value": "true"
        },
        {
          "name": "CREDITCARD_BALANCES_ENDPOINT",
          "value": "http://transit-proxy.labdigitalbdbtvs.com:3590/accounts/product/CreditCardBalancesInquiry"
        },
        {
          "name": "CUSTOMER_PRODUCT_ENDPOINT",
          "value": "http://transit-proxy.labdigitalbdbtvs.com:3590/customers/CustomerProductInquiry"
        },
        {
          "name": "DEMAND_BALANCES_ENDPOINT",
          "value": "http://transit-proxy.labdigitalbdbtvs.com:3590/accounts/product/DemandBalancesInquiry"
        },
        {
          "name": "DEMAND_FALLBACK_URL",
          "value": "https://vpce-0d6ba963d3da4e146-3q2f50zy.vpce-svc-0bf1112b8d5d0fa7c.us-east-1.vpce.amazonaws.com:4801/ods/ods_stag/pr_ws_consul_cc"
        },
        {
          "name": "KEYSTORE_CERTIFICATE_BANBTA",
          "value": "Bus/AperturaDigitalkey.banbta.net.pem"
        },
        {
          "name": "LEVEL_LOGS",
          "value": "info"
        },
        {
          "name": "LOAN_BALANCES_ENDPOINT",
          "value": "http://transit-proxy.labdigitalbdbtvs.com:3590/accounts/product/LoanBalancesInquiry"
        },
        {
          "name": "LOAN_QUOTA_ENDPOINT",
          "value": "http://transit-proxy.labdigitalbdbtvs.com:3590/customers/product/LoanQuotaInq"
        },
        {
          "name": "NODE_ENV",
          "value": "PROD"
        },
        {
          "name": "PORT",
          "value": "9050"
        },
        {
          "name": "SAVING_BALANCES_ENDPOINT",
          "value": "http://transit-proxy.labdigitalbdbtvs.com:3590/accounts/product/SavingsBalancesInquiry"
        },
        {
          "name": "SAVING_FALLBACK_URL",
          "value": "https://vpce-0d6ba963d3da4e146-3q2f50zy.vpce-svc-0bf1112b8d5d0fa7c.us-east-1.vpce.amazonaws.com:4801/ods/ods_stag/pr_ws_consul_ah"
        },
        {
          "name": "TIMEOUT_SERVICE",
          "value": "25000"
        },
        {
          "name": "TOPIC_ARN",
          "value": "arn:aws:sns:us-east-1:875096530931:report-analytics-trigger"
        },
        {
          "name": "TRUST_BALANCES_ENDPOINT",
          "value": "http://transit-proxy.labdigitalbdbtvs.com:3590/accounts/product/TrustBalancesInquiry"
        },
        {
          "name": "USE_CIRCUIT_BREAKER_DEMANDS",
          "value": "true"
        },
        {
          "name": "USE_CIRCUIT_BREAKER_SAVINGS",
          "value": "true"
        },
        {
          "name": "USE_HTTPS_AGENT",
          "value": "true"
        }
      ],
      "essential": true,
      "image": "${image_url}",
      "memory": 1024,
      "memoryReservation": 768,
      "name": "balances-mngr-dt",
      "logConfiguration": {
        "logDriver": "awslogs",
        "options": {
          "awslogs-region": "us-east-1",
          "awslogs-group": "/aws/ecs/balances-mngr-dt",
          "awslogs-stream-prefix": "ecs"
        }
      },
      "secrets": []
    }
  ]
}
