{
  "family": "balances-mngr-dt",
  "requiresCompatibilities": ["FARGATE"],
  "cpu": "256",
  "memory": "512",
  "networkMode": "awsvpc",
  "taskRoleArn": "arn:aws:iam::812902367604:role/balances-mngr-dt-ecs-role",
  "executionRoleArn": "arn:aws:iam::812902367604:role/balances-mngr-dt-ecs-role",
  "containerDefinitions": [
    {
      "portMappings": [
        {
          "protocol": "tcp",
          "containerPort": 9050
        }
      ],
      "cpu": 256,
      "environment": [
        {
          "name": "CERTIFICATE_BALANCES_ENDPOINT",
          "value": "http://tp-00.transit-proxy.aws.digitalbdbst.net:3590/accounts/product/CertificateBalancesInquiry"
        },
        {
          "name": "CERTIFICATE_BANBTA",
          "value": "Bus/AperturaDigital.banbta.net.pem"
        },
        {
          "name": "CERTIFICATE_BUCKET_NAME",
          "value": "staging-certificates-tvs-s3"
        },
        {
          "name": "CIRCUIT_BREAKER_OPTIONS",
          "value": "{\"volumeThreshold\": 80, \"errorThresholdPercentage\": 40, \"rollingCountTimeout\": 180000, \"rollingCountBuckets\": 10, \"resetTimeout\": 480000, \"timeout\": 26000}"
        },
        {
          "name": "CLOUD_LOGS",
          "value": "true"
        },
        {
          "name": "CREDITCARD_BALANCES_ENDPOINT",
          "value": "http://tp-00.transit-proxy.aws.digitalbdbst.net:3590/accounts/product/CreditCardBalancesInquiry"
        },
        {
          "name": "CUSTOMER_PRODUCT_ENDPOINT",
          "value": "http://tp-00.transit-proxy.aws.digitalbdbst.net:3590/customers/CustomerProductInquiry"
        },
        {
          "name": "DEMAND_BALANCES_ENDPOINT",
          "value": "http://tp-00.transit-proxy.aws.digitalbdbst.net:3590/accounts/product/DemandBalancesInquiry"
        },
        {
          "name": "DEMAND_FALLBACK_URL",
          "value": "https://tp-01.transit-proxy.aws.digitalbdbst.net:4801/ods/ods_stag/pr_ws_consul_cc"
        },
        {
          "name": "KEYSTORE_CERTIFICATE_BANBTA",
          "value": "Bus/AperturaDigitalkey.banbta.net.pem"
        },
        {
          "name": "LEVEL_LOGS",
          "value": "info"
        },
        {
          "name": "LOAN_BALANCES_ENDPOINT",
          "value": "http://tp-00.transit-proxy.aws.digitalbdbst.net:3590/accounts/product/LoanBalancesInquiry"
        },
        {
          "name": "LOAN_QUOTA_ENDPOINT",
          "value": "http://tp-00.transit-proxy.aws.digitalbdbst.net:3590/customers/product/LoanQuotaInq"
        },
        {
          "name": "NODE_ENV",
          "value": "ST"
        },
        {
          "name": "PORT",
          "value": "9050"
        },
        {
          "name": "SAVING_BALANCES_ENDPOINT",
          "value": "http://tp-00.transit-proxy.aws.digitalbdbst.net:3590/accounts/product/SavingsBalancesInquiry"
        },
        {
          "name": "SAVING_FALLBACK_URL",
          "value": "https://tp-01.transit-proxy.aws.digitalbdbst.net:4801/ods/ods_stag/pr_ws_consul_ah"
        },
        {
          "name": "TIMEOUT_SERVICE",
          "value": "25000"
        },
        {
          "name": "TOPIC_ARN",
          "value": "arn:aws:sns:us-east-1:812902367604:report-analytics-trigger"
        },
        {
          "name": "TRUST_BALANCES_ENDPOINT",
          "value": "http://tp-00.transit-proxy.aws.digitalbdbst.net:3590/accounts/product/TrustBalancesInquiry"
        },
        {
          "name": "USE_CIRCUIT_BREAKER_DEMANDS",
          "value": "true"
        },
        {
          "name": "USE_CIRCUIT_BREAKER_SAVINGS",
          "value": "true"
        },
        {
          "name": "USE_HTTPS_AGENT",
          "value": "true"
        }
      ],
      "essential": true,
      "image": "${image_url}",
      "memory": 512,
      "memoryReservation": 384,
      "name": "balances-mngr-dt",
      "logConfiguration": {
        "logDriver": "awslogs",
        "options": {
          "awslogs-region": "us-east-1",
          "awslogs-group": "/aws/ecs/balances-mngr-dt",
          "awslogs-stream-prefix": "ecs"
        }
      },
      "secrets": []
    }
  ]
}
