{
  "family": "savings-account-mngr",
  "requiresCompatibilities": [
    "FARGATE"
  ],
  "cpu": "256",
  "memory": "512",
  "networkMode": "awsvpc",
  "runtimePlatform": {
    "cpuArchitecture": "ARM64"
  },
  "taskRoleArn": "arn:aws:iam::495815045722:role/savings-account-mngr-ecs-role",
  "executionRoleArn": "arn:aws:iam::495815045722:role/savings-account-mngr-ecs-role",
  "containerDefinitions": [
    {
      "portMappings": [
        {
          "protocol": "tcp",
          "containerPort": 9105
        }
      ],
      "cpu": 128,
      "environment": [
        {
          "name": "AUTHENTICATION_SERVICE_ENDPOINT",
          "value": "https://api.bancodebogota.co/auth"
        },
        {
          "name": "CARD_ACTIVATION_ENDPOINT",
          "value": "https://activatutarjeta.bancodebogota.co/?utm_source=email&amp;utm_medium=propia&amp;utm_campaign=activacion_creacion_td"
        },
        {
          "name": "ENDPOINT_SAVINGS_API",
          "value": "https://api.labdigbdbcd.com/savings"
        },
        {
          "name": "DB_SCHEMA",
          "value": "savings_account?rewriteBatchedStatements=true&noAccessToProcedureBodies=true&useSSL=true"
        },
        {
          "name": "ELASTIC_ENDPOINT",
          "value": "https://api-events.labdigitalbdbevents.com"
        },
        {
          "name": "ELASTIC_INDEX_NAME",
          "value": "bbog-dig-cd-flujo-web"
        },
        {
          "name": "ENDPOINT_ACCOUNTS_ADAPTER",
          "value": "https://nlb-0.labdigbdbcd.com:8087"
        },
        {
          "name": "ENDPOINT_BLACKLIST_API",
          "value": "https://api-blacklists-management.labdigitalbdbtvs.com"
        },
        {
          "name": "ENDPOINT_CUSTOMER_API",
          "value": "https://api-customer-management.labdigitalbdbtvs.com"
        },
        {
          "name": "ENDPOINT_CUSTOMER_API_V3",
          "value": "https://api-clients.labdigitalbdbtvs.com/customer-management-v3-mngr"
        },
        {
          "name": "ENDPOINT_CUSTOMER_MNGR",
          "value": "https://nlb-0.labdigbdbcd.com:9104"
        },
        {
          "name": "ENDPOINT_EVENT_DATA",
          "value": "https://api.labdigitalbdbdr.co/events"
        },
        {
          "name": "ENDPOINT_FAIR",
          "value": "https://api.bancodebogota.co/creditcard"
        },
        {
          "name": "ENDPOINT_MASTERDATA_PUBLIC_API",
          "value": "https://api-commons.labdigitalbdbtvs.com/master-data-management-public"
        },
        {
          "name": "ENDPOINT_PENTAGON_API",
          "value": "https://u5zbsn0143.execute-api.us-east-1.amazonaws.com/prod/1-0-0"
        },
        {
          "name": "ENDPOINT_REDIS_API",
          "value": "https://api-redis.labdigbdbredis.com"
        },
        {
          "name": "ENDPOINT_REPORT_MARKETING_API",
          "value": "https://api-report-marketing-convertion.labdigitalbdbtvs.com"
        },
        {
          "name": "ENDPOINT_BALANCE_MANAGEMENT_API",
          "value": "https://api-balances-management.labdigitalbdbtvs.com"
        },
        {
          "name": "ENDPOINT_CUSTOMER_ACCOUNT_PRODUCT_MANAGEMENT",
          "value": "https://api-clients.labdigitalbdbtvs.com/customer_account_products_management"
        },
        {
          "name": "ENDPOINT_REQUEST_API",
          "value": "https://api.labdigitalbdbtvs.com/request-management"
        },
        {
          "name": "ENDPOINT_SECURITY_MONITORING_API",
          "value": "https://api-monitorplus.labdigitalbdbtvs.com"
        },
        {
          "name": "ENDPOINT_TVS_API",
          "value": "https://api.labdigitalbdbtvs.com"
        },
        {
          "name": "REDIS_BANKACCOUNTDTO_ALIVE",
          "value": "2880"
        },
        {
          "name": "SERVER_PORT",
          "value": "9105"
        },
        {
          "name": "SERVER_MAX_HEADER_SIZE",
          "value": "40KB"
        },
        {
          "name": "SPRING_PROFILES_ACTIVE",
          "value": "prod"
        },
        {
          "name": "VALIDATE_TOKEN",
          "value": "true"
        }
      ],
      "secrets": [
        {
          "name": "DB_HOST",
          "valueFrom": "arn:aws:secretsmanager:us-east-1:495815045722:secret:MYSQL_DB-7ynjMk:host_old::"
        },
        {
          "name": "DB_USER",
          "valueFrom": "arn:aws:secretsmanager:us-east-1:495815045722:secret:MYSQL_DB-7ynjMk:username::"
        },
        {
          "name": "DB_PASSWORD",
          "valueFrom": "arn:aws:secretsmanager:us-east-1:495815045722:secret:MYSQL_DB-7ynjMk:password::"
        },
        {
          "name": "DB_PORT",
          "valueFrom": "arn:aws:secretsmanager:us-east-1:495815045722:secret:MYSQL_DB-7ynjMk:port::"
        },
        {
          "name": "ELASTIC_API_KEY",
          "valueFrom": "arn:aws:secretsmanager:us-east-1:495815045722:secret:API_KEYS-NZmRoz:SEARCH_API_KEY::"
        },
        {
          "name": "RSA_PRIVATE_KEY",
          "valueFrom": "arn:aws:secretsmanager:us-east-1:495815045722:secret:RSA_ENCRYPTION-XVd9B0:PRIVATE_KEY::"
        },
        {
          "name": "SYMMETRIC_PASS",
          "valueFrom": "arn:aws:secretsmanager:us-east-1:495815045722:secret:SYMMETRIC_ENCRYPTION-po4xHM:PASSWORD::"
        },
        {
          "name": "SYMMETRIC_SALT",
          "valueFrom": "arn:aws:secretsmanager:us-east-1:495815045722:secret:SYMMETRIC_ENCRYPTION-po4xHM:SALT::"
        },
        {
          "name": "SG_AND_REDIS_API_KEY",
          "valueFrom": "arn:aws:secretsmanager:us-east-1:495815045722:secret:API_KEYS-NZmRoz:TVS::"
        },
        {
          "name": "TVS_API_KEY",
          "valueFrom": "arn:aws:secretsmanager:us-east-1:495815045722:secret:API_KEYS-NZmRoz:TVS::"
        },
        {
          "name": "BALANCE_MANAGEMENT_API_KEY",
          "valueFrom": "arn:aws:secretsmanager:us-east-1:495815045722:secret:API_KEYS-NZmRoz:TVS_BALANCES::"
        }
      ],
      "essential": true,
      "image": "${image_url}",
      "memory": 512,
      "memoryReservation": 256,
      "name": "savings-account-mngr",
      "logConfiguration": {
        "logDriver": "awslogs",
        "options": {
          "awslogs-region": "us-east-1",
          "awslogs-group": "/aws/ecs/savings-account-mngr",
          "awslogs-stream-prefix": "ecs",
          "mode": "non-blocking",
          "max-buffer-size": "25m"
        }
      }
    }
  ]
}
