{
  "family": "savings-account-mngr",
  "requiresCompatibilities": [
    "FARGATE"
  ],
  "cpu": "256",
  "memory": "512",
  "networkMode": "awsvpc",
  "runtimePlatform": {
    "cpuArchitecture": "ARM64"
  },
  "taskRoleArn": "arn:aws:iam::182860735115:role/savings-account-mngr-ecs-role",
  "executionRoleArn": "arn:aws:iam::182860735115:role/savings-account-mngr-ecs-role",
  "containerDefinitions": [
    {
      "portMappings": [
        {
          "protocol": "tcp",
          "containerPort": 9105
        }
      ],
      "cpu": 128,
      "environment": [
        {
          "name": "AUTHENTICATION_SERVICE_ENDPOINT",
          "value": "https://api.labdigitalbdbqacommons.co/token"
        },
        {
          "name": "CARD_ACTIVATION_ENDPOINT",
          "value": "https://activatutarjeta.labdigbdbdevcd.com/?utm_source=email&amp;utm_medium=propia&amp;utm_campaign=activacion_creacion_td"
        },
        {
          "name": "ENDPOINT_SAVINGS_API",
          "value": "https://api.labdigbdbdevcd.com/savings"
        },
        {
          "name": "DB_SCHEMA",
          "value": "savings_account?rewriteBatchedStatements=true"
        },
        {
          "name": "ELASTIC_ENDPOINT",
          "value": "https://api-events.labdigitalbdbqaevents.com"
        },
        {
          "name": "ELASTIC_INDEX_NAME",
          "value": "bbog-dig-cd-flujo-web"
        },
        {
          "name": "ENDPOINT_ACCOUNTS_ADAPTER",
          "value": "https://nlb-0.labdigbdbdevcd.com:8087"
        },
        {
          "name": "ENDPOINT_BLACKLIST_API",
          "value": "https://api-blacklists-management.labdigitalbdbtvsqa.com"
        },
        {
          "name": "ENDPOINT_CUSTOMER_API",
          "value": "https://api-customer-management.labdigitalbdbtvsqa.com"
        },
        {
          "name": "ENDPOINT_CUSTOMER_API_V3",
          "value": "https://api-clients.labdigitalbdbtvsqa.com/customer-management-v3-mngr"
        },
        {
          "name": "ENDPOINT_CUSTOMER_MNGR",
          "value": "https://nlb-0.labdigbdbdevcd.com:9104"
        },
        {
          "name": "ENDPOINT_EVENT_DATA",
          "value": "https://qpnjklwyxj.execute-api.us-east-1.amazonaws.com/Staging"
        },
        {
          "name": "ENDPOINT_FAIR",
          "value": "https://wczvcnnh0k.execute-api.us-east-1.amazonaws.com/qa"
        },
        {
          "name": "ENDPOINT_MASTERDATA_PUBLIC_API",
          "value": "https://api-commons.labdigitalbdbtvsqa.com/master-data-management-public"
        },
        {
          "name": "ENDPOINT_PENTAGON_API",
          "value": "https://qpnjklwyxj.execute-api.us-east-1.amazonaws.com/Staging/1-0-0"
        },
        {
          "name": "ENDPOINT_REDIS_API",
          "value": "https://api-redis.labdigbdbdevredis.com"
        },
        {
          "name": "ENDPOINT_REPORT_MARKETING_API",
          "value": "https://api-report-marketing-convertion.labdigitalbdbtvsqa.com"
        },
        {
          "name": "ENDPOINT_BALANCE_MANAGEMENT_API",
          "value": "https://api-balances-management.labdigitalbdbtvsqa.com"
        },
        {
          "name": "ENDPOINT_CUSTOMER_ACCOUNT_PRODUCT_MANAGEMENT",
          "value": "https://api-clients.labdigitalbdbtvsqa.com/customer_account_products_management"
        },
        {
          "name": "ENDPOINT_REQUEST_API",
          "value": "https://api.labdigitalbdbtvsqa.com/request-management"
        },
        {
          "name": "ENDPOINT_SECURITY_MONITORING_API",
          "value": "https://api-monitorplus.labdigitalbdbtvsqa.com"
        },
        {
          "name": "ENDPOINT_TVS_API",
          "value": "https://api.labdigitalbdbtvsqa.com"
        },
        {
          "name": "REDIS_BANKACCOUNTDTO_ALIVE",
          "value": "2880"
        },
        {
          "name": "SERVER_PORT",
          "value": "9105"
        },
        {
          "name": "SERVER_MAX_HEADER_SIZE",
          "value": "40KB"
        },
        {
          "name": "SPRING_PROFILES_ACTIVE",
          "value": "prod"
        },
        {
          "name": "VALIDATE_TOKEN",
          "value": "false"
        }
      ],
      "secrets": [
        {
          "name": "DB_HOST",
          "valueFrom": "arn:aws:secretsmanager:us-east-1:182860735115:secret:MYSQL_DB-eIFsai:host::"
        },
        {
          "name": "DB_USER",
          "valueFrom": "arn:aws:secretsmanager:us-east-1:182860735115:secret:MYSQL_DB-eIFsai:username::"
        },
        {
          "name": "DB_PASSWORD",
          "valueFrom": "arn:aws:secretsmanager:us-east-1:182860735115:secret:MYSQL_DB-eIFsai:password::"
        },
        {
          "name": "DB_PORT",
          "valueFrom": "arn:aws:secretsmanager:us-east-1:182860735115:secret:MYSQL_DB-eIFsai:port::"
        },
        {
          "name": "ELASTIC_API_KEY",
          "valueFrom": "arn:aws:secretsmanager:us-east-1:182860735115:secret:API_KEYS-qI4pI9:SEARCH_API_KEY::"
        },
        {
          "name": "RSA_PRIVATE_KEY",
          "valueFrom": "arn:aws:secretsmanager:us-east-1:182860735115:secret:RSA_ENCRYPTION-aPoCaR:PRIVATE_KEY::"
        },
        {
          "name": "SYMMETRIC_PASS",
          "valueFrom": "arn:aws:secretsmanager:us-east-1:182860735115:secret:SYMMETRIC_ENCRYPTION-A5cJK0:PASSWORD::"
        },
        {
          "name": "SYMMETRIC_SALT",
          "valueFrom": "arn:aws:secretsmanager:us-east-1:182860735115:secret:SYMMETRIC_ENCRYPTION-A5cJK0:SALT::"
        },
        {
          "name": "SG_AND_REDIS_API_KEY",
          "valueFrom": "arn:aws:secretsmanager:us-east-1:182860735115:secret:API_KEYS-qI4pI9:REDIS::"
        },
        {
          "name": "TVS_API_KEY",
          "valueFrom": "arn:aws:secretsmanager:us-east-1:182860735115:secret:API_KEYS-qI4pI9:TVS::"
        },
        {
          "name": "BALANCE_MANAGEMENT_API_KEY",
          "valueFrom": "arn:aws:secretsmanager:us-east-1:182860735115:secret:API_KEYS-qI4pI9:TVS_BALANCES::"
        }
      ],
      "essential": true,
      "image": "${image_url}",
      "memory": 512,
      "memoryReservation": 256,
      "name": "savings-account-mngr",
      "logConfiguration": {
        "logDriver": "awslogs",
        "options": {
          "awslogs-region": "us-east-1",
          "awslogs-group": "/aws/ecs/savings-account-mngr",
          "awslogs-stream-prefix": "ecs",
          "mode": "non-blocking",
          "max-buffer-size": "25m"

        }
      }
    }
  ]
}
