{
  "vars": {
    "CLOUD_LOGS": "true",
		"LEVEL_LOGS": "debug",
    "NODE_ENV": "PROD",
    "PORT": "9506",
    "DEBUG": "bdb:*",
    "API_ENDPOINT": "https://api-balances-management.labdigitalbdbtvs.com",
    "AUTH_ENDPOINT": "https://api.bancodebogota.co/auth/authentication/check-token",
    "DEMAND_BALANCES_ENDPOINT": "http://transit-proxy.labdigitalbdbtvs.com:3590/accounts/product/DemandBalancesInquiry",
    "CREDITCARD_BALANCES_ENDPOINT": "http://transit-proxy.labdigitalbdbtvs.com:3590/accounts/product/CreditCardBalancesInquiry",
    "CUSTOMER_PRODUCT_ENDPOINT": "http://transit-proxy.labdigitalbdbtvs.com:3590/customers/CustomerProductInquiry",
    "LOAN_BALANCES_ENDPOINT": "http://transit-proxy.labdigitalbdbtvs.com:3590/accounts/product/LoanBalancesInquiry",
    "LOAN_QUOTA_ENDPOINT": "http://transit-proxy.labdigitalbdbtvs.com:3590/customers/product/LoanQuotaInq",
    "TRUST_BALANCES_ENDPOINT": "http://transit-proxy.labdigitalbdbtvs.com:3590/accounts/product/TrustBalancesInquiry",
    "CERTIFICATE_BALANCES_ENDPOINT": "http://transit-proxy.labdigitalbdbtvs.com:3590/accounts/product/CertificateBalancesInquiry",
    "SAVING_BALANCES_ENDPOINT": "http://transit-proxy.labdigitalbdbtvs.com:3590/accounts/product/SavingsBalancesInquiry",
    "API_PATH": "",
    "REDIS_API_END_POINT": "https://api-redis.labdigbdbredis.com/V4/Utilities/redis-cache",
    "SECRET_REDIS": "REDIS_API_DT_SECRET1_PROD",
    "TIMEOUT_SERVICE": "15000",
    "BUCKET_NAME_VALIDATOR_LIB": "prod-consumer-validator",
    "MOCK_HEADERS_VALIDATOR_LIB": "{\"availableChannels\":[\"Web\",\"Banca Movil\",\"Banca Virtual\",\"Aliado\",\"Fuerza Movil\",\"Oficina\",\"Microfinanzas\",\"BdB Empresas\",\"PSE\"],\"availableTeams\":[\"Adquirencia\",\"AuthEnterprise\",\"AliadosEcommerce\",\"BNPL\",\"Banca Movil\",\"Banca Virtual\",\"BdB Empresas\",\"CDT\",\"CuentaDeAhorros\",\"Libranzas\",\"LibreDestino\",\"Microfinanzas\",\"Omnicanalidad\",\"Postventa\",\"PQRS\",\"PSE-Afinidad\",\"PSE-Persona-Juridica\",\"PSE-Persona-Natural\",\"Pymes\",\"Seguridad\",\"Seguros\",\"TarjetaDeCredito\",\"Transfiya\",\"Transversales\",\"Vehiculos\",\"Vivienda\",\"Crediservice\",\"ADN\",\"CAD\"]}"
  },
  "secrets": [
    "REDIS_API_DT_SECRET1_PROD"
  ]
}
